email,user_id,fname,lname,phone,user_type,trip_id
user1@makemytrip.com,5001,Prateek,Kumar,(123) 456-911,agency,101
user1@makemytrip.com,5002,Prateek,Kumar,(123) 456-912,agency,102
user5@gmail.com,5003,Abhinav,Sharma,(123) 456-791,traveller,103
user2@makemytrip.com,5004,Kunwar,Shrivastava,(123) 456-912,agency,104
user6@gmail.com,5005,Adarsh,Sharma,(123) 456-793,traveller,105
user7@gmail.com,5006,Adesh,Sharma,(123) 456-794,traveller,106
user3@makemytrip.com,5007,Siddhant,Lahoti,(123) 456-913,agency,107
user1@makemytrip.com,5008,Prateek,Kumar,(123) 456-913,agency,108
aditya@gmail.com,5009,Aditya ,Sharma,(123) 456-797,traveller,109
aditya@gmail.com,5010,Aditya ,Sharma,(123) 456-798,traveller,110
user8@gmail.com,5011,Ajish,Sharma,(123) 456-799,traveller,111
user2@makemytrip.com,5012,Kunwar,Shrivastava,(123) 456-913,agency,112
user2@makemytrip.com,5013,Kunwar,Shrivastava,(123) 456-914,agency,113
akhilsharma@gmail.com,5014,Akhil,Sharma,(123) 456-802,traveller,114
akhilsharma@gmail.com,5015,Akhil,Sharma,(123) 456-803,traveller,115
user9@gmail.com,5016,Amarjit,Sharma,(123) 456-804,traveller,116
user4@makemytrip.com,5017,Raghav,Shrivastava,(123) 456-914,agency,117
user4@makemytrip.com,5018,Raghav,Shrivastava,(123) 456-915,agency,118
user10@gmail.com,5019,Amit,Sharma,(123) 456-807,traveller,119
user11@gmail.com,5020,Ammar ,Sharma,(123) 456-808,traveller,120
user12@gmail.com,5021,Amrik,Sharma,(123) 456-809,traveller,121
user13@gmail.com,5022,Amrutlal,Sharma,(123) 456-810,traveller,122
user2@makemytrip.com,5023,Kunwar,Shrivastava,(123) 456-915,agency,123
user14@gmail.com,5024,Ananya,Sharma,(123) 456-812,traveller,124
user15@gmail.com,5025,Angad,Sharma,(123) 456-813,traveller,125
aniketsharma@gmail.com,5026,Aniket,Sharma,(123) 456-814,traveller,126
aniketsharma@gmail.com,5027,Aniket,Sharma,(123) 456-815,traveller,127
aniketsharma@gmail.com,5028,Aniket,Sharma,(123) 456-816,traveller,128
user1@makemytrip.com,5029,Prateek,Kumar,(123) 456-914,agency,129
user16@gmail.com,5030,Ankit,Sharma,(123) 456-818,traveller,130
user1@makemytrip.com,5031,Prateek,Kumar,(123) 456-915,agency,131
anupsharma@gmail.com,5032,Anup,Sharma,(123) 456-820,traveller,132
anupsharma@gmail.com,5033,Anup,Sharma,(123) 456-821,traveller,133
user17@gmail.com,5034,Anurag,Sharma,(123) 456-822,traveller,134
anupsharma@gmail.com,5035,Anup,Sharma,(123) 456-822,traveller,135
user18@gmail.com,5036,Arhaan,Sharma,(123) 456-824,traveller,136
user19@gmail.com,5037,Aritra,Sharma,(123) 456-825,traveller,137
user20@gmail.com,5038,Arjun,Sharma,(123) 456-826,traveller,138
user4@makemytrip.com,5039,Raghav,Shrivastava,(123) 456-916,agency,139
user21@gmail.com,5040,Arnab,Sharma,(123) 456-828,traveller,140
user22@gmail.com,5041,Arun ,Sharma,(123) 456-829,traveller,141
user23@gmail.com,5042,Arvind,Sharma,(123) 456-830,traveller,142
user2@makemytrip.com,5043,Kunwar,Shrivastava,(123) 456-916,agency,143
user24@gmail.com,5044,Aseem,Sharma,(123) 456-832,traveller,144
user25@gmail.com,5045,Ashu ,Sharma,(123) 456-833,traveller,145
ashwinsharma@gmail.com,5046,Ashwin,Sharma,(123) 456-834,traveller,146
ashwinsharma@gmail.com,5047,Ashwin,Sharma,(123) 456-835,traveller,147
ashwinsharma@gmail.com,5048,Ashwin,Sharma,(123) 456-836,traveller,148
ashwinsharma@gmail.com,5049,Ashwin,Sharma,(123) 456-837,traveller,149
ashwinsharma@gmail.com,5050,Ashwin,Sharma,(123) 456-838,traveller,150
user3@makemytrip.com,5051,Siddhant,Lahoti,(123) 456-914,agency,151
user3@makemytrip.com,5052,Siddhant,Lahoti,(123) 456-915,agency,152
user3@makemytrip.com,5053,Siddhant,Lahoti,(123) 456-916,agency,153
user3@makemytrip.com,5054,Siddhant,Lahoti,(123) 456-917,agency,154
user3@makemytrip.com,5055,Siddhant,Lahoti,(123) 456-918,agency,155
user26@gmail.com,5056,Ajay,Verma,(123) 456-844,traveller,156
user27@gmail.com,5057,Ajish,Verma,(123) 456-845,traveller,157
user28@gmail.com,5058,Ajit ,Verma,(123) 456-846,traveller,158
user4@makemytrip.com,5059,Raghav,Shrivastava,(123) 456-917,agency,159
user4@makemytrip.com,5060,Raghav,Shrivastava,(123) 456-918,agency,160
user29@gmail.com,5061,Akshat,Verma,(123) 456-849,traveller,161
user30@gmail.com,5062,Amarjit,Verma,(123) 456-850,traveller,162
user31@gmail.com,5063,Amarsinh,Verma,(123) 456-851,traveller,163
user32@gmail.com,5064,Ambika,Verma,(123) 456-852,traveller,164
user3@makemytrip.com,5065,Siddhant,Lahoti,(123) 456-919,agency,165
user3@makemytrip.com,5066,Siddhant,Lahoti,(123) 456-920,agency,166
user33@gmail.com,5067,Amrik,Verma,(123) 456-855,traveller,167
amrutlalverma@gmail.com,5068,Amrutlal,Verma,(123) 456-856,traveller,168
amrutlalverma@gmail.com,5069,Amrutlal,Verma,(123) 456-857,traveller,169
user34@gmail.com,5070,Ananya,Verma,(123) 456-858,traveller,170
angadverma@gmail.com,5071,Angad,Verma,(123) 456-859,traveller,171
user35@gmail.com,5072,Aniket,Verma,(123) 456-860,traveller,172
angadverma@gmail.com,5073,Angad,Verma,(123) 456-860,traveller,173
angadverma@gmail.com,5074,Angad,Verma,(123) 456-861,traveller,174
user36@gmail.com,5075,Aniruddha,Verma,(123) 456-863,traveller,175
user37@gmail.com,5076,Ankit,Verma,(123) 456-864,traveller,176
user38@gmail.com,5077,Anuj,Verma,(123) 456-865,traveller,177
user39@gmail.com,5078,Anup,Verma,(123) 456-866,traveller,178
user40@gmail.com,5079,Anupam ,Verma,(123) 456-867,traveller,179
user41@gmail.com,5080,Anurag,Verma,(123) 456-868,traveller,180
user3@makemytrip.com,5081,Siddhant,Lahoti,(123) 456-921,agency,181
user3@makemytrip.com,5082,Siddhant,Lahoti,(123) 456-922,agency,182
user42@gmail.com,5083,Aritra,Verma,(123) 456-871,traveller,183
user43@gmail.com,5084,Arjun,Verma,(123) 456-872,traveller,184
user44@gmail.com,5085,Arjun,Verma,(123) 456-873,traveller,185
arnabverma@gmail.com,5086,Arnab,Verma,(123) 456-874,traveller,186
user45@gmail.com,5087,Arun ,Verma,(123) 456-875,traveller,187
arnabverma@gmail.com,5088,Arnab,Verma,(123) 456-875,traveller,188
arnabverma@gmail.com,5089,Arnab,Verma,(123) 456-876,traveller,189
user46@gmail.com,5090,Aseem,Verma,(123) 456-878,traveller,190
user47@gmail.com,5091,Ashu ,Verma,(123) 456-879,traveller,191
user48@gmail.com,5092,Ashwin,Verma,(123) 456-880,traveller,192
user49@gmail.com,5093,Abhay,Mishra,(123) 456-881,traveller,193
user50@gmail.com,5094,Abhijit,Mishra,(123) 456-882,traveller,194
user51@gmail.com,5095,Abhinav,Mishra,(123) 456-883,traveller,195
user52@gmail.com,5096,Abhishek,Mishra,(123) 456-884,traveller,196
user53@gmail.com,5097,Adarsh,Mishra,(123) 456-885,traveller,197
user54@gmail.com,5098,Adesh,Mishra,(123) 456-886,traveller,198
user55@gmail.com,5099,Adhar,Mishra,(123) 456-887,traveller,199
user56@gmail.com,5100,Adi ,Mishra,(123) 456-888,traveller,200
user57@gmail.com,5101,Aditya ,Mishra,(123) 456-889,traveller,201
user1@makemytrip.com,5102,Prateek,Kumar,(123) 456-916,agency,202
user1@makemytrip.com,5103,Prateek,Kumar,(123) 456-917,agency,203
user58@gmail.com,5104,Amarsinh,Mishra,(123) 456-897,traveller,204
user59@gmail.com,5105,Ambika,Mishra,(123) 456-898,traveller,205
user60@gmail.com,5106,Amit,Mishra,(123) 456-899,traveller,206
akshatmishra@gmail.com,5107,Akshat,Mishra,(123) 456-895,traveller,207
akshatmishra@gmail.com,5108,Akshat,Mishra,(123) 456-896,traveller,208
akshatmishra@gmail.com,5109,Akshat,Mishra,(123) 456-897,traveller,209
akshatmishra@gmail.com,5110,Akshat,Mishra,(123) 456-898,traveller,210
user61@gmail.com,5111,Amit,Mishra,(123) 456-899,traveller,211
user4@makemytrip.com,5112,Raghav,Shrivastava,(123) 456-919,agency,212
user62@gmail.com,5113,Amrik,Mishra,(123) 456-901,traveller,213
amrutlalmishra@gmail.com,5114,Amrutlal,Mishra,(123) 456-902,traveller,214
amrutlalmishra@gmail.com,5115,Amrutlal,Mishra,(123) 456-903,traveller,215
ananyamishra@gmail.com,5116,Ananya,Mishra,(123) 456-904,traveller,216
ananyamishra@gmail.com,5117,Ananya,Mishra,(123) 456-905,traveller,217
ananyamishra@gmail.com,5118,Ananya,Mishra,(123) 456-906,traveller,218
ananyamishra@gmail.com,5119,Ananya,Mishra,(123) 456-907,traveller,219
ananyamishra@gmail.com,5120,Ananya,Mishra,(123) 456-908,traveller,220